1,我妻伸彦
2,稲澤 泉
3,上田 眞理砂
4,大川 隆夫
5,大川 昌幸
6,金丸 裕一
7,河音 琢郎
8,河村 ミッシェル
9,紀國 洋
10,久保 壽彦
11,黒川 清登
12,GRAEWE GUDRUN
13,後閑 洋一
14,言美 伊知朗
15,佐藤 隆
16,佐藤 卓利
17,四方 利明
18,島田 幸司
19,杉田 伸樹
20,曹 瑞林
21,高屋 和子
22,鄭 小平
23,寺脇 拓
24,中村 健
25,中本 悟
26,野澤 健
27,野村 良一
28,橋本 貴彦
29,秦 劼
30,林 裕明
31,PENG Virginia Mary
32,FLATH DAVID
33,細貝 健司
34,堀 一三
35,松尾 匡
36,松本 朗
37,松本 睦
38,宮本 十至子
39,桃田 朗
40,山井 敏章
41,山本 信一
42,LEE Kangkook
43,青井 久
44,赤堀 次郎
45,天羽 隆史
46,今村 悠里
47,吉川 和宏
48,石井 秀則
49,大坂 博幸
50,加川 貴章
51,KOHATSU-HIGA ARTURO
52,田中 秀幸
53,中津 智則
54,結城 郷
55,高山 幸秀
56,野澤 啓
57,福本 善洋
58,藤家 雪朗
59,安富 健児
60,渡部 拓也
61,池田 浩章
62,今田 真
63,門野 利治
64,小笠原 宏
65,川方 裕則
66,平野 史朗
67,是枝 聡肇
68,藤井 康裕
69,清水 寧
70,菅原 祐二
71,滝沢 優
72,中田 俊隆
73,勝野 弘康
74,深尾 浩次
75,瀧川 佳紀
76,森 正樹
77,奥田 剛司
78,藪 博之
79,和田 浩史
80,荒木 努
81,今井 茂
82,宇野 重康
83,柿ヶ野 浩明
84,笠原 健一
85,川畑 良尚
86,久保 幸弘
87,齊藤 茂
88,GIUSEPPE ABREU
89,高山 茂
90,鷹羽 浄嗣
91,瀧口 浩一
92,田口 耕造
93,沼居 貴陽
94,服藤 憲司
95,深尾 隆則
96,福水 洋平
97,藤枝 一郎
98,峯元 高志
99,森本 朗裕
100,渡邉 歴
101,泉 知論
102,孟 林
103,小倉 武
104,熊木 武志
105,久保 博嗣
106,佐保 賢志
107,道関 隆国
108,田中 亜実
109,中山 良平
110,冨山 宏之
111,谷口 一徹
112,福井 正博
113,藤田 智弘
114,藤野 毅
115,馬杉 正男
116,山崎 勝弘
117,飴山 惠
118,太田 美絵
119,安藤 妙子
120,伊藤 隆基
121,小川 文男
122,上野 明
123,Guennec Morgan Francois Paul Benjamin
124,上野 哲
125,姜 長安
126,大上 芳文
127,福留 功二
128,木股 雅章
129,日下 貴之
130,種子島 亮太
131,小西 聡
132,殿村 渉
133,鈴木 健一郎
134,西野 朋季
135,谷 泰弘
136,徳田 功
137,鳥山 寿之
138,宮野 尚哉
139,山本 憲隆
140,吉岡 修哉
141,吉原 福全
142,渡辺 圭子
143,山末 英嗣
144,小澤 隆太
145,Van Heerden, Kirill
146,川村 貞夫
147,玄 相昊
148,有木 由香
149,下ノ村 和弘
150,手嶋 教之
151,永井 清
152,土橋 宏規
153,野方 誠
154,平井 慎一
155,王 忠奎
156,馬 書根
157,加古川 篤
158,牧川 方昭
159,伊津野 和行
160,John C. WELLS
161,大窪 健之
162,林 倫子
163,岡井 有佳
164,里深 好文
165,小川 圭一
166,野阪 克義
167,野村 泰稔
168,深川 良一
169,藤本 将光
170,川﨑 佑磨
171,天野 耕二
172,吉川 直樹
173,市木 敦之
174,神子 直之
175,笹谷 康之
176,佐藤 圭輔
177,塩見 康博
178,建山 和由
179,石森 洋行
180,内田 慎哉
181,内田 慎哉
182,中島 淳
183,橋本 征二
184,樋口 能士
185,青柳 憲昌
186,及川 清昭
187,武田 史朗
188,近本 智行
189,平尾 和洋
190,宗本 晋作
191,持田 泰秀
192,吉富 信太
193,家光 素行
194,伊坂 忠夫
195,長野 明紀
196,藤田 聡
197,塩澤 成弘
198,後藤 一成
199,内田 昌孝
200,栗原 俊之
201,寺田 昌史
202,大塚 光雄
203,菅 唯志
204,有光 琢磨
205,岡松 秀房
206,佐藤 隆彦
207,金森 雅夫
208,真田 樹義
209,篠原 靖司
210,田畑 泉
211,橋本 健志
212,藤本 雅大
213,海老 久美子
214,大友 智
215,岡本 直輝
216,佐久間 春夫
217,上田 憲嗣
218,永浜 明子
219,友草 司
220,種子田 穣
221,長積 仁
222,山浦 一保
223,小沢 道紀
224,杉浦 仁美
225,祐伯 敦史
226,嶋村 貢志
227,佐藤 善治
228,朝倉 敏夫
229,天野 耕二
230,荒木 一視
231,阿良田 麻里子
232,石田 雅芳
233,大和田 和治
234,小沢 道紀
235,鎌谷 かおる
236,木村 裕樹
237,國枝 里美
238,清水 裕子
239,新村 猛
240,田中 浩子
241,新山 陽子
242,野中 朋美
243,早川 貴
244,本田 豊
245,松原 豊彦
246,南 直人
247,保井 智香子
248,吉積 巳貴
249,ヨトヴァ・マリア
250,和田 有史
251,上原 哲太郎
252,大西　淳
253,越智 裕之
254,國枝 義敏
255,島川 博光
256,高田 秀志
257,西尾 信彦
258,丸山 勝久
259,毛利 公一
260,山下　茂
261,Ian Keith Piumarta
262,糸賀 裕弥
263,佐竹 賢治
264,市村 真希
265,大森 隆行
266,紙名 哲生
267,村尾 和哉
268,梶原 祐輔
269,西出　亮
270,川越 恭二
271,來村 徳信
272,桑原 和宏
273,仲谷 善雄
274,柴田 史久
275,Victor V. Kryssanov
276,前田 忠彦
277,李　周浩
278,黄　宏軒
279,西村 俊和
280,野口　拓
281,服部 宏充
282,山本　寛
283,池田　聖
284,泉　朋子
285,Daniel Moritz Marutschke
286,山添 大丈
287,小川 祐樹
288,大田 直樹
289,木村　朝子
290,徐 　剛
291,陳　延偉
292,田中　覚
293,仲田　晋
294,西浦 敬信
295,野間 春生
296,平林　晃
297,福本 淳一
298,前田　亮
299,山下 洋一
300,西原 陽子
301,Roberto Lopez-Gulliver
302,井尻　敬
303,李 亮
304,新妻 雅弘
305,長谷川　恭子
306,福森 隆寛
307,松村 耕平
308,山西 良典
309,中山 雅人
310,橋口 哲志
311,Eric W.Cooper
312,亀井 且有
313,北野 勝則
314,篠田 博之
315,島田 伸敬
316,西川 郁子
317,田中 弘美
318,満田　隆
319,萩原　啓
320,Ruck Thawonmas
321,和田　隆広
322,谷口 忠大
323,坪　泰宏
324,瀬尾 昌孝
325,萩原 良信
326,福井 善朗
327,原田 智広
328,松尾 直志
329,明神 聖子
330,稲田 康宏
331,岡田 豊
332,小堤 和彦
333,加藤 稔
334,小島 一男
335,髙木 一好
336,民秋 均
337,堤 治
338,長澤 裕
339,花﨑 知則
340,前田 大光
341,折笠 有基
342,越山 友美
343,小林 洋一
344,片山 真祥
345,今村 比呂志
346,木下 雄介
347,羽毛田 洋平
348,久野 恭平
349,北澤 啓和
350,笠原 賢洋
351,久保 幹
352,竹田 篤史
353,松村 浩由
354,山中 司
355,三原 久明
356,若山 守
357,石水 毅
358,武田 陽一
359,荒木 希和子
360,高橋 文雄
361,梶浦 裕之
362,菊間 隆志
363,戸部 隆太
364,林 順司
365,峯 彰
366,吉澤 拓也
367,柴田 あいか
368,天野 晃
369,伊藤 將弘
370,菊地 武司
371,菊野 玲子
372,高橋 卓也
373,寺内 一姫
374,木村 修平
375,深尾 陽一朗
376,浅井 智広
377,笠原 浩太
378,久保田 幸彦
379,杉田 昌岳
380,姫野 友紀子
381,長野 稔
382,毛利 蔵人
383,下妻 晃二郎
384,白壁 恭子
385,田中 秀和
386,西澤 幹雄
387,堀 利行
388,早野 俊哉
389,川村 晃久
390,向 英里
391,下畑 宣行
392,中谷 仁
393,山下 美朋
394,奥山 哲矢
395,澤野 俊憲
396,中尾 周
397,西 良太郎
398,萬年 太郎
399,村澤 秀樹
400,松田 大樹
401,浅野 真司
402,一川 暢宏
403,稲津 哲也
404,今村 信孝
405,岡野 友信
406,梶本 哲也
407,桂 敏也
408,北村 佳久
409,木村 富紀
410,鈴木 健二
411,高田 達之
412,田中 謙
413,谷浦 秀夫
414,服部 尚樹
415,豊田 英尚
416,平山 佳伸
417,藤田 卓也
418,藤田 典久
419,井之上 浩一
420,角本 幹夫
421,河野 貴子
422,北原 亮
423,小池 千恵子
424,土肥 寿文
425,藤田 隆司
426,蓮元 憲祐
427,近藤 雪絵
428,上島 智
429,片山 将一
430,川﨑 崇
431,北沢 創一郎
432,河野 裕允
433,小嶋 絢
434,齋藤 僚
435,阪森 宏治
436,波多野 亮
437,檜垣 彰吾
438,肱岡 雅宣
439,正木 聡
440,森本 功治
441,吉田 徳之
442,その他